URL,Category
https://www.ikea.com/gb/en/products/summer/,Summer
https://www.ikea.com/gb/en/products/childrens-ikea-products/,Baby & children products
https://www.ikea.com/gb/en/products/washstands-taps/,"Bathroom sinks, taps & cabinets"
https://www.ikea.com/gb/en/products/beds/,Beds
https://www.ikea.com/gb/en/products/chairs-stools-benches/,"Chairs, stools & benches"
https://www.ikea.com/gb/en/products/cookware/,Cookware
https://www.ikea.com/gb/en/products/decoration/,Decoration
https://www.ikea.com/gb/en/products/desks/,Desks
https://www.ikea.com/gb/en/products/flooring/,Garden & outdoor decking
https://www.ikea.com/gb/en/products/food-beverages/,Food & beverages
https://www.ikea.com/gb/en/products/indoor-gardening/,Indoor gardening
https://www.ikea.com/gb/en/products/kitchen-products/,Kitchen & Worktops
https://www.ikea.com/gb/en/products/laundry-cleaning-products/,Laundry & cleaning products
https://www.ikea.com/gb/en/products/ikea-family-products/,Leisure & safety products
https://www.ikea.com/gb/en/products/lighting/,Lighting
https://www.ikea.com/gb/en/products/mattresses/,Mattresses
https://www.ikea.com/gb/en/products/parasols-gazebos/,Parasols & gazebos
https://www.ikea.com/gb/en/products/small-storage-organisers/,Small storage & organisers
https://www.ikea.com/gb/en/products/smart-home-appliances/,Smart home & Appliances
https://www.ikea.com/gb/en/products/sofas-armchairs/,Sofas & armchairs
https://www.ikea.com/gb/en/products/storage-furniture/,Storage furniture
https://www.ikea.com/gb/en/products/tables/,Tables
https://www.ikea.com/gb/en/products/tableware/,Tableware
https://www.ikea.com/gb/en/products/textiles-rugs/,"Textiles, curtains & rugs"
https://www.ikea.com/gb/en/products/tools-fittings-curtain-rails/,"Tools, fittings & curtain rails"
https://www.ikea.com/gb/en/products/wardrobes/,Wardrobes
https://www.ikea.com/gb/en/products/christmas/,Christmas
https://www.ikea.com/gb/en/products/summer/seasonal-textiles/,Summer textiles
https://www.ikea.com/gb/en/products/summer/summer-cookware-tableware/,Summer cookware & tableware
https://www.ikea.com/gb/en/products/lighting/decorative-lighting/,Decorative lighting
https://www.ikea.com/gb/en/products/summer/summer-candles-candle-holders/,Summer candles & candle holders
https://www.ikea.com/gb/en/products/summer/summer-flowers-vases-pots/,"Summer flowers, vases & pots"
https://www.ikea.com/gb/en/products/ikea-family-products/games-leisure/,Games & leisure
https://www.ikea.com/gb/en/products/childrens-ikea-products/baby/,Baby
https://www.ikea.com/gb/en/products/childrens-ikea-products/children-3-7/,Children 3-7
https://www.ikea.com/gb/en/products/childrens-ikea-products/children-8-12/,Children 8-12
https://www.ikea.com/gb/en/products/washstands-taps/wash-stands/,Vanity units
https://www.ikea.com/gb/en/products/washstands-taps/wash-basins/,Bathroom Sinks
https://www.ikea.com/gb/en/products/washstands-taps/taps/,Taps
https://www.ikea.com/gb/en/products/washstands-taps/showers/,Showers
https://www.ikea.com/gb/en/products/beds/double-king-size-beds/,Double & king size beds
https://www.ikea.com/gb/en/products/beds/guest-beds-day-beds/,Guest beds & day beds
https://www.ikea.com/gb/en/products/beds/single-beds/,Single beds
https://www.ikea.com/gb/en/products/beds/divan-beds/,Divan beds
https://www.ikea.com/gb/en/products/beds/loft-beds-bunk-beds/,Loft beds & bunk beds
https://www.ikea.com/gb/en/products/beds/headboards/,Headboards
https://www.ikea.com/gb/en/products/sofas-armchairs/sofa-beds-chair-beds/,Sofa beds & chair beds
https://www.ikea.com/gb/en/products/childrens-ikea-products/children-3-7/childrens-beds/,Children's beds
https://www.ikea.com/gb/en/products/childrens-ikea-products/children-8-12/childrens-beds-8-12/,Children's beds 8-12
https://www.ikea.com/gb/en/products/mattresses/slatted-bed-bases/,Slatted bed bases
https://www.ikea.com/gb/en/products/mattresses/bed-legs/,Bed legs
https://www.ikea.com/gb/en/products/chairs-stools-benches/chairs/,Chairs
https://www.ikea.com/gb/en/products/chairs-stools-benches/cafe-bar-chairs/,Caf© & bar chairs
https://www.ikea.com/gb/en/products/tables/dining-sets/,Dining sets
https://www.ikea.com/gb/en/products/chairs-stools-benches/garden-chairs-benches-loungers/,"Garden chairs, benches & loungers"
https://www.ikea.com/gb/en/products/chairs-stools-benches/stools-benches/,Stools & benches
https://www.ikea.com/gb/en/products/chairs-stools-benches/step-stools-step-ladders/,Step stools & step ladders
https://www.ikea.com/gb/en/products/chairs-stools-benches/junior-chairs/,Junior chairs
https://www.ikea.com/gb/en/products/chairs-stools-benches/high-chairs/,High chairs
https://www.ikea.com/gb/en/products/sofas-armchairs/armchairs/,Armchairs
https://www.ikea.com/gb/en/products/chairs-stools-benches/office-chairs/,Office chairs
https://www.ikea.com/gb/en/products/chairs-stools-benches/bathroom-stools-benches/,Bathroom stools & benches
https://www.ikea.com/gb/en/products/cookware/pots-pans/,Pots & pans
https://www.ikea.com/gb/en/products/cookware/frying-pans-woks/,Frying pans & woks
https://www.ikea.com/gb/en/products/cookware/ovenware/,Ovenware
https://www.ikea.com/gb/en/products/cookware/bakeware/,Bakeware
https://www.ikea.com/gb/en/products/cookware/kitchen-utensils/,Kitchen utensils
https://www.ikea.com/gb/en/products/cookware/knives-chopping-boards/,Knives & chopping boards
https://www.ikea.com/gb/en/products/cookware/food-storage-organising/,Food storage & organising
https://www.ikea.com/gb/en/products/tableware/coffee-tea-makers/,Coffee & tea makers
https://www.ikea.com/gb/en/products/cookware/mixing-measuring-tools/,Mixing & measuring tools
https://www.ikea.com/gb/en/products/cookware/cooking-accessories/,Cooking accessories
https://www.ikea.com/gb/en/products/decoration/frames-pictures/,Frames & pictures
https://www.ikea.com/gb/en/products/decoration/candles-candle-holders/,Candles & candle holders
https://www.ikea.com/gb/en/products/decoration/plants-pots-stands/,"Plants, pots & stands"
https://www.ikea.com/gb/en/products/decoration/vases-bowls/,Vases & bowls
https://www.ikea.com/gb/en/products/decoration/mirrors/,Mirrors
https://www.ikea.com/gb/en/products/decoration/clocks/,Clocks
https://www.ikea.com/gb/en/products/decoration/decorative-accessories/,Decorative accessories
https://www.ikea.com/gb/en/products/decoration/wall-stickers/,Wall stickers
https://www.ikea.com/gb/en/products/decoration/paper/,Paper Shop
https://www.ikea.com/gb/en/products/decoration/bathroom-mirrors/,Bathroom mirrors
https://www.ikea.com/gb/en/products/desks/desk-computer-desks/,Desk & computer desks
https://www.ikea.com/gb/en/products/desks/office-desks/,Office desks
https://www.ikea.com/gb/en/products/desks/table-tops-legs/,Desk table tops & legs
https://www.ikea.com/gb/en/products/desks/reception-desks/,Reception desks
https://www.ikea.com/gb/en/products/desks/conference-meeting-tables/,Conference & meeting tables
https://www.ikea.com/gb/en/products/childrens-ikea-products/children-8-12/childrens-desks-chairs-8-12/,Children's desks & chairs 8-12
https://www.ikea.com/gb/en/products/flooring/outdoor-floors/,Outdoor floors
https://www.ikea.com/gb/en/products/food-beverages/fish-seafood/,Fish & seafood
https://www.ikea.com/gb/en/products/food-beverages/meat/,Meat
https://www.ikea.com/gb/en/products/food-beverages/vegetables-side-dishes/,Vegetables & side dishes
https://www.ikea.com/gb/en/products/food-beverages/sauces-jam-condiments/,"Sauces, jam & condiments"
https://www.ikea.com/gb/en/products/food-beverages/bread-dairy/,Bread & dairy
https://www.ikea.com/gb/en/products/food-beverages/beverages/,Beverages
https://www.ikea.com/gb/en/products/food-beverages/sweets-chocolates-snacks/,"Sweets, chocolates & snacks"
https://www.ikea.com/gb/en/products/food-beverages/pastries-desserts-cookies/,"Pastries, desserts & cookies"
https://www.ikea.com/gb/en/products/indoor-gardening/indoor-growing-cultivators/,Indoor growing cultivators
https://www.ikea.com/gb/en/products/indoor-gardening/indoor-growing-accessories/,Indoor growing accessories
https://www.ikea.com/gb/en/products/kitchen-products/dishwashing-accessories/,Dishwashing accessories
https://www.ikea.com/gb/en/products/kitchen-products/kitchen-organisers-shelves/,Kitchen organisers
https://www.ikea.com/gb/en/products/kitchen-products/kitchen-islands-trolleys/,Kitchen islands & trolleys
https://www.ikea.com/gb/en/products/kitchen-products/kitchen-shelves/,Kitchen shelves
https://www.ikea.com/gb/en/products/kitchen-products/kitchen-cabinets/,Kitchen cabinets
https://www.ikea.com/gb/en/products/kitchen-products/cabinet-doors-fronts-panels/,"Cabinet doors, fronts & panels"
https://www.ikea.com/gb/en/products/kitchen-products/kitchen-taps-sinks/,Kitchen taps & sinks
https://www.ikea.com/gb/en/products/kitchen-products/worktops-worktops-accessories/,Worktops & Worktops accessories
https://www.ikea.com/gb/en/products/tools-fittings-curtain-rails/knobs-handles/,Knobs & handles
https://www.ikea.com/gb/en/products/kitchen-products/wall-panels/,Kitchen Splashbacks
https://www.ikea.com/gb/en/products/kitchen-products/modular-kitchens/,Modular kitchens
https://www.ikea.com/gb/en/products/kitchen-products/appliances/,Appliances
https://www.ikea.com/gb/en/products/laundry-cleaning-products/laundry-baskets/,Laundry baskets
https://www.ikea.com/gb/en/products/laundry-cleaning-products/ironing-boards/,Ironing boards
https://www.ikea.com/gb/en/products/laundry-cleaning-products/drying-racks/,Drying racks
https://www.ikea.com/gb/en/products/laundry-cleaning-products/cleaning-accessories/,Cleaning accessories
https://www.ikea.com/gb/en/products/ikea-family-products/bicycle-bicycle-accessories/,Bicycle & Bicycle Accessories
https://www.ikea.com/gb/en/products/ikea-family-products/safety/,Safety
https://www.ikea.com/gb/en/products/ikea-family-products/travel/,Travelbags & backpacks
https://www.ikea.com/gb/en/products/ikea-family-products/games-leisure/,Games & leisure
https://www.ikea.com/gb/en/products/ikea-family-products/books/,Books
https://www.ikea.com/gb/en/products/ikea-family-products/bathrobes-slippers/,Bathrobes & slippers
https://www.ikea.com/gb/en/products/lighting/floor-lamps/,Floor lamps
https://www.ikea.com/gb/en/products/lighting/table-lamps/,Table lamps
https://www.ikea.com/gb/en/products/lighting/shades-bases/,"Shades, bases & cords"
https://www.ikea.com/gb/en/products/lighting/ceiling-lights/,Ceiling lights
https://www.ikea.com/gb/en/products/lighting/work-lamps/,Work lamps
https://www.ikea.com/gb/en/products/lighting/smart-lighting/,Smart lighting
https://www.ikea.com/gb/en/products/lighting/decorative-lighting/,Decorative lighting
https://www.ikea.com/gb/en/products/childrens-ikea-products/children-3-7/childrens-lighting/,Children's lighting
https://www.ikea.com/gb/en/products/lighting/light-bulbs-accessories/,Light bulbs & accessories
https://www.ikea.com/gb/en/products/lighting/wall-lights/,Wall lights
https://www.ikea.com/gb/en/products/lighting/integrated-lighting/,Integrated lighting
https://www.ikea.com/gb/en/products/lighting/bathroom-lighting/,Bathroom lighting
https://www.ikea.com/gb/en/products/childrens-ikea-products/children-8-12/childrens-lighting-8-12/,Children's lighting 8-12
https://www.ikea.com/gb/en/products/smart-home-appliances/cables-chargers/,Cables & chargers
https://www.ikea.com/gb/en/products/mattresses/mattresses-toppers/,Mattresses & toppers
https://www.ikea.com/gb/en/products/mattresses/slatted-bed-bases/,Slatted bed bases
https://www.ikea.com/gb/en/products/childrens-ikea-products/children-3-7/childrens-mattresses/,Children's mattresses
https://www.ikea.com/gb/en/products/childrens-ikea-products/children-8-12/childrens-mattresses-8-12/,Children's mattresses 8-12
https://www.ikea.com/gb/en/products/mattresses/bed-legs/,Bed legs
https://www.ikea.com/gb/en/products/beds/headboards/,Headboards
https://www.ikea.com/gb/en/products/parasols-gazebos/parasols-bases/,Parasols & bases
https://www.ikea.com/gb/en/products/parasols-gazebos/gazebos/,Gazebos
https://www.ikea.com/gb/en/products/parasols-gazebos/garden-canopies-sunshields/,Garden canopies & sunshields
https://www.ikea.com/gb/en/products/small-storage-organisers/storage-boxes-baskets/,Storage boxes & baskets
https://www.ikea.com/gb/en/products/small-storage-organisers/clothes-organisers/,Clothes organisers
https://www.ikea.com/gb/en/products/small-storage-organisers/shoe-cabinets/,Shoe cabinets
https://www.ikea.com/gb/en/products/small-storage-organisers/racks-stands/,"Clothes, Shoe & hat racks"
https://www.ikea.com/gb/en/products/small-storage-organisers/underbed-storage/,Underbed storage
https://www.ikea.com/gb/en/products/childrens-ikea-products/children-3-7/small-storage/,Children's Small Storage
https://www.ikea.com/gb/en/products/small-storage-organisers/hooks-hangers/,Hooks & hangers
https://www.ikea.com/gb/en/products/small-storage-organisers/wall-storage/,Wall Storage
https://www.ikea.com/gb/en/products/small-storage-organisers/paper-media-organisers/,Paper & media organisers
https://www.ikea.com/gb/en/products/small-storage-organisers/cable-management-accessories/,Cable management & accessories
https://www.ikea.com/gb/en/products/cookware/food-storage-organising/,Food storage & organising
https://www.ikea.com/gb/en/products/kitchen-products/kitchen-organisers-shelves/,Kitchen organisers
https://www.ikea.com/gb/en/products/small-storage-organisers/bathroom-accessories/,Bathroom accessories
https://www.ikea.com/gb/en/products/small-storage-organisers/bathroom-hooks-and-hangers/,Bathroom hooks & hangers
https://www.ikea.com/gb/en/products/small-storage-organisers/waste-sorting-bins/,Waste sorting bins
https://www.ikea.com/gb/en/products/laundry-cleaning-products/laundry-baskets/,Laundry baskets
https://www.ikea.com/gb/en/products/kitchen-products/appliances/,Appliances
https://www.ikea.com/gb/en/products/smart-home-appliances/speakers/,Speakers
https://www.ikea.com/gb/en/products/smart-home-appliances/mobile-tablet-chargers/,Mobile & tablet chargers
https://www.ikea.com/gb/en/products/smart-home-appliances/cables-chargers/,Cables & chargers
https://www.ikea.com/gb/en/products/lighting/smart-lighting/,Smart lighting
https://www.ikea.com/gb/en/products/smart-home-appliances/tools-fittings/,Tools & fittings
https://www.ikea.com/gb/en/products/sofas-armchairs/two-seat-sofas/,Two-seat sofas
https://www.ikea.com/gb/en/products/sofas-armchairs/three-seat-sofas/,Three-seat sofas
https://www.ikea.com/gb/en/products/sofas-armchairs/armchairs/,Armchairs
https://www.ikea.com/gb/en/products/sofas-armchairs/sofa-beds-chair-beds/,Sofa beds & chair beds
https://www.ikea.com/gb/en/products/sofas-armchairs/footstools-pouffes/,Footstools & pouffes
https://www.ikea.com/gb/en/products/sofas-armchairs/corner-sofas/,Corner sofas
https://www.ikea.com/gb/en/products/sofas-armchairs/modular-sofas/,Modular sofas
https://www.ikea.com/gb/en/products/sofas-armchairs/chaise-longues/,Chaise Longues
https://www.ikea.com/gb/en/products/sofas-armchairs/fabric-sofas/,Fabric sofas
https://www.ikea.com/gb/en/products/sofas-armchairs/leather-coated-fabric-sofas/,Leather & coated fabric sofas
https://www.ikea.com/gb/en/products/sofas-armchairs/sofa-legs/,Extra legs
https://www.ikea.com/gb/en/products/sofas-armchairs/outdoor-sofas/,Outdoor Sofas
https://www.ikea.com/gb/en/products/storage-furniture/chest-of-drawers/,Chest of drawers
https://www.ikea.com/gb/en/products/storage-furniture/bookcases/,Bookcases
https://www.ikea.com/gb/en/products/storage-furniture/shelving-units-systems/,Shelving units & systems
https://www.ikea.com/gb/en/products/storage-furniture/tv-media-benches/,TV Stands & Media Units
https://www.ikea.com/gb/en/products/storage-furniture/cabinets-sideboards/,Cabinets & display cabinets
https://www.ikea.com/gb/en/products/tables/sideboards-buffets-consoletables/,Sideboards & console tables
https://www.ikea.com/gb/en/products/storage-furniture/drawer-units-storage-cabinets/,Drawer units & storage cabinets
https://www.ikea.com/gb/en/products/storage-furniture/storage-systems/,Open storage system
https://www.ikea.com/gb/en/products/childrens-ikea-products/children-3-7/childrens-storage-system/,Children's storage system
https://www.ikea.com/gb/en/products/childrens-ikea-products/children-3-7/childrens-storage-furniture/,Children's storage furniture
https://www.ikea.com/gb/en/products/small-storage-organisers/shoe-cabinets/,Shoe cabinets
https://www.ikea.com/gb/en/products/storage-furniture/bathroom-storage/,Bathroom storage
https://www.ikea.com/gb/en/products/storage-furniture/wall-shelves/,Wall shelves
https://www.ikea.com/gb/en/products/storage-furniture/outdoor-organising/,Outdoor organising
https://www.ikea.com/gb/en/products/kitchen-products/kitchen-shelves/,Kitchen shelves
https://www.ikea.com/gb/en/products/wardrobes/free-standing-wardrobes/,Free standing wardrobes
https://www.ikea.com/gb/en/products/wardrobes/fitted-wardrobes/,PAX wardrobes
https://www.ikea.com/gb/en/products/storage-furniture/platsa-modular-storage-system/,PLATSA modular storage system
https://www.ikea.com/gb/en/products/tables/dining-tables/,Dining tables
https://www.ikea.com/gb/en/products/tables/cafe-bar-tables/,Caf© & bar tables
https://www.ikea.com/gb/en/products/tables/dining-sets/,Dining sets
https://www.ikea.com/gb/en/products/tables/outdoor-tables/,Outdoor tables
https://www.ikea.com/gb/en/products/tables/coffee-side-tables/,Coffee & side tables
https://www.ikea.com/gb/en/products/tables/bedside-tables/,Bedside tables
https://www.ikea.com/gb/en/products/tables/dressing-tables/,Dressing tables
https://www.ikea.com/gb/en/products/tables/sideboards-buffets-consoletables/,Sideboards & console tables
https://www.ikea.com/gb/en/products/childrens-ikea-products/baby/changing-tables-nursing/,Changing tables & nursing
https://www.ikea.com/gb/en/products/tableware/dinnerware/,Dinnerware
https://www.ikea.com/gb/en/products/tableware/cutlery/,Cutlery
https://www.ikea.com/gb/en/products/tableware/glasses-cups-mugs/,"Glasses, cups & mugs"
https://www.ikea.com/gb/en/products/tableware/coffee-tea-makers/,Coffee & tea makers
https://www.ikea.com/gb/en/products/tableware/serveware/,Serveware
https://www.ikea.com/gb/en/products/tableware/napkins-napkinholders/,Napkins & napkinholders
https://www.ikea.com/gb/en/products/tableware/jugs-carafes/,Jugs & carafes
https://www.ikea.com/gb/en/products/textiles-rugs/table-linen/,Table linen
https://www.ikea.com/gb/en/products/childrens-ikea-products/children-3-7/childrens-tableware/,Children's tableware
https://www.ikea.com/gb/en/products/childrens-ikea-products/baby/babies-tableware/,Babies tableware
https://www.ikea.com/gb/en/products/textiles-rugs/rugs/,Rugs
https://www.ikea.com/gb/en/products/textiles-rugs/curtains-blinds/,Curtains & blinds
https://www.ikea.com/gb/en/products/textiles-rugs/cushions-inner-cushions/,Cushions & cushion pads
https://www.ikea.com/gb/en/products/textiles-rugs/bedlinen/,Bedding
https://www.ikea.com/gb/en/products/textiles-rugs/quilts/,Duvets
https://www.ikea.com/gb/en/products/textiles-rugs/pillows/,Pillows
https://www.ikea.com/gb/en/products/textiles-rugs/mattress-pillow-protectors/,Mattress & pillow protectors
https://www.ikea.com/gb/en/products/textiles-rugs/blankets-throws/,Blankets & throws
https://www.ikea.com/gb/en/products/textiles-rugs/bedspread/,Bedspreads
https://www.ikea.com/gb/en/products/textiles-rugs/fabrics/,Fabrics
https://www.ikea.com/gb/en/products/textiles-rugs/door-mats/,Door mats
https://www.ikea.com/gb/en/products/textiles-rugs/covers/,Covers
https://www.ikea.com/gb/en/products/textiles-rugs/towels-bathmats/,Towels & bathmats
https://www.ikea.com/gb/en/products/textiles-rugs/shower-curtains/,Shower curtains
https://www.ikea.com/gb/en/products/textiles-rugs/chair-pads/,Chair pads
https://www.ikea.com/gb/en/products/textiles-rugs/table-linen/,Table linen
https://www.ikea.com/gb/en/products/textiles-rugs/tea-towels-aprons-oven-gloves/,"Tea towels, aprons & oven gloves"
https://www.ikea.com/gb/en/products/textiles-rugs/sewing-accessories/,Sewing accessories
https://www.ikea.com/gb/en/products/textiles-rugs/outdoor-textiles/,Outdoor textiles
https://www.ikea.com/gb/en/products/ikea-family-products/bathrobes-slippers/,Bathrobes & slippers
https://www.ikea.com/gb/en/products/smart-home-appliances/tools-fittings/,Tools & fittings
https://www.ikea.com/gb/en/products/tools-fittings-curtain-rails/curtain-rods-rails/,Curtain rods & rails
https://www.ikea.com/gb/en/products/tools-fittings-curtain-rails/knobs-handles/,Knobs & handles
https://www.ikea.com/gb/en/products/wardrobes/fitted-wardrobes/,PAX wardrobes
https://www.ikea.com/gb/en/products/wardrobes/free-standing-wardrobes/,Free standing wardrobes
https://www.ikea.com/gb/en/products/storage-furniture/platsa-modular-storage-system/,PLATSA modular storage system
https://www.ikea.com/gb/en/products/small-storage-organisers/clothes-organisers/,Clothes organisers
https://www.ikea.com/gb/en/products/small-storage-organisers/hooks-hangers/,Hooks & hangers
https://www.ikea.com/gb/en/products/tools-fittings-curtain-rails/knobs-handles/,Knobs & handles
https://www.ikea.com/gb/en/products/lighting/decorative-lighting/,Decorative lighting
https://www.ikea.com/gb/en/products/childrens-ikea-products/children-3-7/toys-play/,Toys & play
https://www.ikea.com/gb/en/products/christmas/holiday-cookware-tableware/,Christmas cookware & tableware
https://www.ikea.com/gb/en/products/christmas/holiday-candles-candle-holders/,Christmas candles & candle holders
https://www.ikea.com/gb/en/products/christmas/holiday-flowers-vases-pots/,"Christmas flowers, vases & pots"